{
	"description": "项目配置文件",
	"packOptions": {
		"ignore": []
	},
	"setting": {
		"urlCheck": true,
		"es6": true,
		"postcss": true,
		"minified": true,
		"newFeature": true,
		"nodeModules": true,
		"autoAudits": false,
		"checkInvalidKey": true
	},
	"compileType": "miniprogram",
	"libVersion": "2.6.6",
	"appid": "wx1392814699d09e82",
	"projectname": "GuideCard",
	"debugOptions": {
		"hidedInDevtools": []
	},
	"isGameTourist": false,
	"simulatorType": "wechat",
	"simulatorPluginLibVersion": {},
	"condition": {
		"search": {
			"current": -1,
			"list": []
		},
		"conversation": {
			"current": -1,
			"list": []
		},
		"plugin": {
			"current": -1,
			"list": []
		},
		"game": {
			"currentL": -1,
			"list": []
		},
		"miniprogram": {
			"current": 7,
			"list": [
				{
					"id": -1,
					"name": "做题页面",
					"pathName": "pages/python/python",
					"query": "",
					"scene": null
				},
				{
					"id": -1,
					"name": "wode",
					"pathName": "pages/my/my",
					"query": "",
					"scene": null
				},
				{
					"id": -1,
					"name": "考试",
					"pathName": "pages/testing/testing",
					"query": "",
					"scene": null
				},
				{
					"id": -1,
					"name": "讨论区",
					"pathName": "pages/discuss/discuss",
					"query": "",
					"scene": null
				},
				{
					"id": -1,
					"name": "test",
					"pathName": "pages/test/test",
					"query": "",
					"scene": null
				},
				{
					"id": -1,
					"name": "发布",
					"pathName": "pages/discuss/publish/publish",
					"query": "",
					"scene": null
				},
				{
					"id": 6,
					"name": "视频显示",
					"pathName": "pages/detail/detail",
					"query": "Mesgs={\"videoId\":\"1\",\"title\":\"第一章-简介\",\"videoSrc\":\"http://1256512437.vod2.myqcloud.com/8605c086vodcq1256512437/3ed824525285890788781241082/qfCRYGLwkpwA.mp4\",\"videoContent\":\"1111111111111111111111\"}",
					"scene": null
				},
				{
					"id": -1,
					"name": "我的贴子",
					"pathName": "pages/my/tiezi/tiezi",
					"query": "",
					"scene": null
				}
			]
		}
	}
}